#Gene	Cell_type_lessEql_01
S100B	SCPs
PLP1	SCPs
MPZ	SCPs
FXYD1	SCPs
CRYAB	SCPs
OLFML2A	SCPs
ALDH1A1	SCPs
GPM6B	SCPs
TMEM176A	SCPs
LGI4	SCPs
TTYH1	SCPs
ZFP36L1	SCPs
TMEM176B	SCPs
RGCC	SCPs
CYR61	SCPs
PLAT	SCPs
IFITM3	SCPs
SPARC	SCPs
COL5A2	SCPs
SCRG1	SCPs
EDNRB	SCPs
HES1	SCPs
LGALS1	SCPs
MEF2C	SCPs
NKAIN4	SCPs
FOXD3-AS1	SCPs
ARHGAP15	SCPs
SLC15A3	SCPs
SOX10	SCPs
ERBB3	SCPs
CDH19	SCPs
PTPRZ1	SCPs
MIA	SCPs
TFAP2A	SCPs
S100A10	SCPs
COL1A2	SCPs
ARPC1B	SCPs
ABCA8	SCPs
CRABP1	SCPs
MOXD1	SCPs
COL4A1	SCPs
INSC	SCPs
COL1A1	SCPs
EMP2	SCPs
SOX2	SCPs
PLAC9	SCPs
TIMP3	SCPs
POSTN	SCPs
VCAN	SCPs
SERPINH1	SCPs
TRPM3	SCPs
ZEB2	SCPs
CTGF	SCPs
COL9A3	SCPs
LMO4	SCPs
NID1	SCPs
NR2F2	SCPs
LAMP5	SCPs
FOXD3	SCPs
IFITM2	SCPs
TPM2	SCPs
CNN3	SCPs
VIM	SCPs
SLC35F1	SCPs
CDH6	SCPs
SEMA3B	SCPs
ID3	SCPs
PLEKHA4	SCPs
COL4A2	SCPs
EEF1D	SCPs
METRN	SCPs
GSN	SCPs
ADGRG6	SCPs
WWTR1	SCPs
CALD1	SCPs
HSPB2	SCPs
CD99	SCPs
IFI16	SCPs
RNASE1	SCPs
KCTD12	SCPs
COL2A1	SCPs
CD63	SCPs
PLS3	SCPs
LIMA1	SCPs
MDFI	SCPs
LPL	SCPs
GAS7	SCPs
CMTM5	SCPs
OAF	SCPs
RASSF4	SCPs
RHOB	SCPs
NDRG2	SCPs
COL18A1	SCPs
RARRES2	SCPs
RHOC	SCPs
SLITRK2	SCPs
HMGA2	SCPs
PMP2	SCPs
NPR3	SCPs
EMP3	SCPs
FABP7	SCPs
CDC42EP5	SCPs
B2M	SCPs
APOE	SCPs
MYL12A	SCPs
MEGF10	SCPs
QKI	SCPs
TGFBR2	SCPs
IGFBP4	SCPs
NOV	SCPs
PPFIBP1	SCPs
ZFP36	SCPs
DNAJC1	SCPs
LAMC1	SCPs
COL20A1	SCPs
S100A11	SCPs
LINC01198	SCPs
NRXN1	SCPs
GFRA1	SCPs
ATP1A2	SCPs
NFIA	SCPs
NOTCH1	SCPs
TPBG	SCPs
TSPO	SCPs
MGARP	SCPs
RHOJ	SCPs
BDH2	SCPs
NKAIN3	SCPs
FAM198B	SCPs
COMT	SCPs
AHR	SCPs
FILIP1L	SCPs
CTNNAL1	SCPs
CDC42EP1	SCPs
TOMM7	SCPs
DHRS3	SCPs
RAB31	SCPs
SLITRK6	SCPs
PON2	SCPs
CNN2	SCPs
SERF2	SCPs
CNP	SCPs
MYL9	SCPs
IGFBP2	SCPs
BCHE	SCPs
MCAM	SCPs
MT3	SCPs
MAL	SCPs
ANXA1	SCPs
MGST1	SCPs
GSTK1	SCPs
HSPE1	SCPs
AAMDC	SCPs
PDPN	SCPs
ID4	SCPs
PRKCDBP	SCPs
ITGA1	SCPs
PRSS23	SCPs
MFGE8	SCPs
JUN	SCPs
NUDT4	SCPs
TNS3	SCPs
RAB32	SCPs
SASH1	SCPs
NGFR	SCPs
INHA	SCPs
HEY2	SCPs
HSPB1	SCPs
ETS1	SCPs
FSTL1	SCPs
S100A16	SCPs
EPB41L2	SCPs
NPC2	SCPs
TEAD2	SCPs
RAB13	SCPs
PDLIM1	SCPs
CNPY2	SCPs
MYO10	SCPs
TSPAN15	SCPs
LY6E	SCPs
CRTAP	SCPs
FRMD6	SCPs
ANXA2	SCPs
WLS	SCPs
ITM2B	SCPs
ZCCHC24	SCPs
TGIF1	SCPs
SAT1	SCPs
HOXB9	SCPs
FDXR	SCPs
CRISPLD1	SCPs
BACE2	SCPs
CD82	SCPs
AFAP1L2	SCPs
LAPTM4A	SCPs
TNNI3	SCPs
PLIN3	SCPs
FBN2	SCPs
HLA-A	SCPs
FLNA	SCPs
MBP	SCPs
FDX1	SCPs
MMP2	SCPs
ANGPTL4	SCPs
PRIMA1	SCPs
WBP5	SCPs
PHLDA1	SCPs
GLIPR2	SCPs
TGFBR3	SCPs
OSTC	SCPs
MT2A	SCPs
FN1	SCPs
ITGA6	SCPs
RAB20	SCPs
DAB2	SCPs
HSPD1	SCPs
SAMHD1	SCPs
APP	SCPs
MARCKS	SCPs
TSC22D4	SCPs
TLN1	SCPs
STAR	SCPs
RAB38	SCPs
FKBP10	SCPs
SNCG	SCPs
GYPC	SCPs
ADAM23	SCPs
TRIP6	SCPs
ID2	SCPs
PDK4	SCPs
AHNAK	SCPs
SYNE1	SCPs
HSPG2	SCPs
PNRC1	SCPs
FOS	SCPs
FAM166B	SCPs
ARHGAP18	SCPs
TIMP1	SCPs
LPAR6	SCPs
SPRED1	SCPs
SYPL1	SCPs
TPT1	SCPs
CYP21A2	SCPs
CIB1	SCPs
GADD45B	SCPs
ADAMTS6	SCPs
PLPP1	SCPs
TNFRSF1A	SCPs
LINC00400	SCPs
PSME1	SCPs
MAPRE2	SCPs
APOC1	SCPs
RDX	SCPs
CMTM7	SCPs
COTL1	SCPs
COL11A1	SCPs
LITAF	SCPs
CD83	SCPs
VCL	SCPs
RBMS3-AS3	SCPs
CYB5B	SCPs
HSPB6	SCPs
MYLIP	SCPs
NRXN3	SCPs
SSR2	SCPs
YBX3	SCPs
CYP11A1	SCPs
PEG10	SCPs
GNG11	SCPs
NDUFA4	SCPs
PDIA6	SCPs
MXRA8	SCPs
C4orf3	SCPs
C10orf11	SCPs
SOCS3	SCPs
ZNF503	SCPs
COL15A1	SCPs
IGF2BP2	SCPs
AXL	SCPs
LAMA4	SCPs
IRF1	SCPs
CTNNB1	SCPs
POR	SCPs
SPG20	SCPs
SCN7A	SCPs
SYNGR1	SCPs
SOAT1	SCPs
ANKRD50	SCPs
SH3BP5	SCPs
BTG1	SCPs
SEPP1	SCPs
HADHB	SCPs
DST	SCPs
BGN	SCPs
LAMB2	SCPs
BST2	SCPs
GPX8	SCPs
TPD52L1	SCPs
TMEM47	SCPs
EFEMP2	SCPs
SPRY2	SCPs
AIF1L	SCPs
TSPAN6	SCPs
HMG20B	SCPs
RAB34	SCPs
CHL1	SCPs
H2AFJ	SCPs
S100A4	SCPs
RBPMS	SCPs
LTBP1	SCPs
IGFBP7	SCPs
LDHB	SCPs
ENDOD1	SCPs
DLX2	SCPs
ISG15	SCPs
VPREB3	SCPs
HDDC2	SCPs
PPIF	SCPs
KLF6	SCPs
ANXA5	SCPs
REST	SCPs
P4HA1	SCPs
TMEM258	SCPs
MC2R	SCPs
ITGAV	SCPs
KLF2	SCPs
GLTP	SCPs
TMEM98	SCPs
LAMB1	SCPs
GJA1	SCPs
ATP1B3	SCPs
COL14A1	SCPs
RRBP1	SCPs
DUSP6	SCPs
PPIB	SCPs
RNF130	SCPs
MIR202HG	SCPs
MT1E	SCPs
MDFIC	SCPs
ITM2A	SCPs
NR2F1	SCPs
IRS1	SCPs
HLA-E	SCPs
PLAGL1	SCPs
SPRY1	SCPs
JUNB	SCPs
ZNF536	SCPs
TBX3	SCPs
FCGRT	SCPs
CREB3L2	SCPs
TNXB	SCPs
IER2	SCPs
TCF7L2	SCPs
BTG2	SCPs
SLC23A2	SCPs
CALU	SCPs
XKR4	SCPs
IL11RA	SCPs
TCEA3	SCPs
EEF1A1	SCPs
PRDX6	SCPs
CLRN1	SCPs
ADI1	SCPs
HOTAIRM1	SCPs
PHGDH	SCPs
PHACTR2	SCPs
CYTL1	SCPs
SDCBP	SCPs
RBM47	SCPs
P3H2	SCPs
APOA1	SCPs
NFE2L2	SCPs
DDIT4	SCPs
BCL2L12	SCPs
BAMBI	SCPs
P4HB	SCPs
RCN1	SCPs
C11orf96	SCPs
LMNA	SCPs
DBI	SCPs
ST3GAL4	SCPs
GRB14	SCPs
LUZP1	SCPs
FAM126A	SCPs
HSP90B1	SCPs
COL6A2	SCPs
HOPX	SCPs
FOSB	SCPs
PTN	SCPs
TAX1BP3	SCPs
C8orf4	SCPs
EGR1	SCPs
SHMT1	SCPs
TJP1	SCPs
HLA-B	SCPs
FAM195A	SCPs
NOTCH2	SCPs
EGFLAM	SCPs
PMP22	SCPs
MATN2	SCPs
SERPINB6	SCPs
CYP17A1	SCPs
LMCD1	SCPs
SULT2A1	SCPs
SHFM1	SCPs
2-Sep	SCPs
TRAM1	SCPs
CELF2	SCPs
DAAM2	SCPs
KIF13B	SCPs
EVA1B	SCPs
CMTM3	SCPs
VGLL4	SCPs
ECI2	SCPs
ARRDC3	SCPs
CTDSPL	SCPs
DECR1	SCPs
DMD	SCPs
SPP1	SCPs
LDLR	SCPs
QPRT	SCPs
KLF4	SCPs
MYH7B	SCPs
SAT2	SCPs
HOXA5	SCPs
ADGRV1	SCPs
FIGN	SCPs
LPP	SCPs
LIMCH1	SCPs
IGFBP5	SCPs
HLA-C	SCPs
SSR3	SCPs
OSR2	SCPs
EPHX1	SCPs
TMBIM6	SCPs
CYP11B1	SCPs
CPB1	SCPs
ACSS1	SCPs
GSTO1	SCPs
TGFB1I1	SCPs
CAST	SCPs
GALM	SCPs
PAPSS2	SCPs
CTNNA1	SCPs
PMEPA1	SCPs
VMP1	SCPs
SIGLEC11	SCPs
SFRP1	SCPs
CCND3	SCPs
MCF2	SCPs
MESDC2	SCPs
TMED9	SCPs
LIMS1	SCPs
SERTAD1	SCPs
PVRL2	SCPs
GSDMD	SCPs
C1orf198	SCPs
ZNF275	SCPs
CMTM8	SCPs
CUEDC2	SCPs
SNHG25	SCPs
MGST2	SCPs
GIPC2	SCPs
ABCA1	SCPs
HSPA1B	SCPs
LDHA	SCPs
ASPH	SCPs
SNAP23	SCPs
PPP1R15A	SCPs
NOB1	SCPs
FAM162A	SCPs
BBX	SCPs
SPTBN1	SCPs
SCARB2	SCPs
MTAP	SCPs
NDUFC1	SCPs
MRPL50	SCPs
AGRN	SCPs
SNX5	SCPs
PRKCA	SCPs
RCBTB2	SCPs
DAP	SCPs
MAN1A1	SCPs
VAMP5	SCPs
NBEAL1	SCPs
MBNL2	SCPs
PCGF5	SCPs
SDHD	SCPs
SCP2	SCPs
ARID5B	SCPs
ACTN4	SCPs
ZG16B	SCPs
GRAMD1B	SCPs
SSFA2	SCPs
AMHR2	SCPs
C7	SCPs
7-Sep	SCPs
SDHC	SCPs
SERP1	SCPs
HSPA12A	SCPs
PELO	SCPs
RAP1A	SCPs
ABHD2	SCPs
DNAJB4	SCPs
NOSTRIN	SCPs
CCDC8	SCPs
MRAP	SCPs
SLC39A10	SCPs
FLRT3	SCPs
BIRC7	SCPs
DHCR24	SCPs
MPG	SCPs
FAM3C	SCPs
ENO1	SCPs
ROMO1	SCPs
CASP9	SCPs
IKBKAP	SCPs
APRT	SCPs
MAP3K1	SCPs
PHLDA3	SCPs
TXN2	SCPs
DNAJB1	SCPs
DPP10-AS1	SCPs
DPM3	SCPs
PBXIP1	SCPs
EIF5B	SCPs
REXO2	SCPs
MLEC	SCPs
SCARB1	SCPs
15-Sep	SCPs
HES4	SCPs
CSRP1	SCPs
PLXDC2	SCPs
GULP1	SCPs
PRPF4B	SCPs
CLNS1A	SCPs
VAPA	SCPs
IL6ST	SCPs
ZFAND5	SCPs
SKAP2	SCPs
FBL	SCPs
ACADVL	SCPs
ERGIC3	SCPs
ZFP36L2	SCPs
SERBP1	SCPs
PKN2	SCPs
NPM3	SCPs
TPT1-AS1	SCPs
ALAS1	SCPs
SERPINA5	SCPs
ELOVL1	SCPs
SLC16A1	SCPs
CEBPB	SCPs
IMPDH2	SCPs
HEY1	SCPs
UGCG	SCPs
HIF3A	SCPs
WSB1	SCPs
CCND2	SCPs
DDIT3	SCPs
S100A6	SCPs
CD59	SCPs
SCPEP1	SCPs
ALDH9A1	SCPs
TXNIP	SCPs
PRCP	SCPs
CDC73	SCPs
TMEM256	SCPs
LEPROT	SCPs
PRR13	SCPs
STK19	SCPs
GRPEL1	SCPs
C8orf33	SCPs
NR5A1	SCPs
LINC00998	SCPs
CADM4	SCPs
PACSIN3	SCPs
MRPS28	SCPs
PSMB8	SCPs
TSPAN18	SCPs
PRKAR1A	SCPs
CTSA	SCPs
DCTD	SCPs
BZW2	SCPs
PRDX3	SCPs
OXR1	SCPs
RND3	SCPs
COA4	SCPs
GPC1	SCPs
LSR	SCPs
SMAD5	SCPs
LSM14A	SCPs
C10orf10	SCPs
CTSC	SCPs
MAFF	SCPs
KLHDC8B	SCPs
MOB4	SCPs
UBL3	SCPs
PUF60	SCPs
BCL7C	SCPs
ALDH1A2	SCPs
DUSP5	SCPs
MCL1	SCPs
TP53I13	SCPs
FGF12	SCPs
REEP6	SCPs
AKAP7	SCPs
HOXB7	SCPs
NR4A1	SCPs
PHB	SCPs
ENO3	SCPs
DFNB31	SCPs
LMAN1	SCPs
C14orf1	SCPs
SLC39A1	SCPs
GNAI2	SCPs
ING2	SCPs
TAPBP	SCPs
DHRS4L2	SCPs
TMEM123	SCPs
SLC16A9	SCPs
PSAT1	SCPs
PSME2	SCPs
GALNT2	SCPs
PLTP	SCPs
TEX264	SCPs
SLC26A2	SCPs
C14orf119	SCPs
UBXN2A	SCPs
SGCE	SCPs
CTDSP2	SCPs
CD46	SCPs
RORA	SCPs
DNPH1	SCPs
GPC6	SCPs
NFKBIA	SCPs
CMTM6	SCPs
PPP1R14A	SCPs
ITGB1	SCPs
ID1	SCPs
CREM	SCPs
SIVA1	SCPs
IGF2	SCPs
NQO2	SCPs
PHF20L1	SCPs
RWDD4	SCPs
SCD5	SCPs
MRPL10	SCPs
SECISBP2L	SCPs
BRE	SCPs
TMEM97	SCPs
TMED10	SCPs
SH3BGRL	SCPs
SFT2D1	SCPs
ARL14EP	SCPs
LAPTM4B	SCPs
RSL1D1	SCPs
FAM210B	SCPs
FAM133B	SCPs
IVD	SCPs
STOML2	SCPs
WASF2	SCPs
INSR	SCPs
PTK2	SCPs
RFXANK	SCPs
SYAP1	SCPs
ELAVL1	SCPs
HSPA1A	SCPs
TMEM245	SCPs
RBBP7	SCPs
SLC25A37	SCPs
FARP1	SCPs
NUCB1	SCPs
HMGB2	Cycling_chromaffin_cells
UBE2C	Cycling_chromaffin_cells
TOP2A	Cycling_chromaffin_cells
HMGB1	Cycling_chromaffin_cells
CENPF	Cycling_chromaffin_cells
TUBA1B	Cycling_chromaffin_cells
MAD2L1	Cycling_chromaffin_cells
MKI67	Cycling_chromaffin_cells
CKS1B	Cycling_chromaffin_cells
H2AFZ	Cycling_chromaffin_cells
NUSAP1	Cycling_chromaffin_cells
HMGN2	Cycling_chromaffin_cells
PTTG1	Cycling_chromaffin_cells
PRC1	Cycling_chromaffin_cells
TYMS	Cycling_chromaffin_cells
SMC4	Cycling_chromaffin_cells
CDK1	Cycling_chromaffin_cells
GTSE1	Cycling_chromaffin_cells
BIRC5	Cycling_chromaffin_cells
KIAA0101	Cycling_chromaffin_cells
STMN1	Cycling_chromaffin_cells
UBE2T	Cycling_chromaffin_cells
TPX2	Cycling_chromaffin_cells
CENPW	Cycling_chromaffin_cells
PBK	Cycling_chromaffin_cells
CDKN3	Cycling_chromaffin_cells
AURKB	Cycling_chromaffin_cells
NUF2	Cycling_chromaffin_cells
DTYMK	Cycling_chromaffin_cells
ASPM	Cycling_chromaffin_cells
FAM64A	Cycling_chromaffin_cells
DEK	Cycling_chromaffin_cells
CCNB2	Cycling_chromaffin_cells
RRM2	Cycling_chromaffin_cells
CCNA2	Cycling_chromaffin_cells
CDKN2D	Cycling_chromaffin_cells
TMSB15A	Cycling_chromaffin_cells
NUCKS1	Cycling_chromaffin_cells
HIST1H4C	Cycling_chromaffin_cells
MYBL2	Cycling_chromaffin_cells
ENDOG	Cycling_chromaffin_cells
ZWINT	Cycling_chromaffin_cells
TUBB4B	Cycling_chromaffin_cells
SPC25	Cycling_chromaffin_cells
CKS2	Cycling_chromaffin_cells
SMC2	Cycling_chromaffin_cells
FOXM1	Cycling_chromaffin_cells
CDC20	Cycling_chromaffin_cells
PKMYT1	Cycling_chromaffin_cells
TMPO	Cycling_chromaffin_cells
PCNA	Cycling_chromaffin_cells
DHFR	Cycling_chromaffin_cells
KIF22	Cycling_chromaffin_cells
CKAP2L	Cycling_chromaffin_cells
H2AFV	Cycling_chromaffin_cells
TUBB	Cycling_chromaffin_cells
CDCA8	Cycling_chromaffin_cells
CCNB1	Cycling_chromaffin_cells
HMGB3	Cycling_chromaffin_cells
ANP32E	Cycling_chromaffin_cells
TK1	Cycling_chromaffin_cells
PLK1	Cycling_chromaffin_cells
GINS2	Cycling_chromaffin_cells
RNASEH2A	Cycling_chromaffin_cells
TROAP	Cycling_chromaffin_cells
NDC80	Cycling_chromaffin_cells
ORC6	Cycling_chromaffin_cells
CENPH	Cycling_chromaffin_cells
DUT	Cycling_chromaffin_cells
CDCA3	Cycling_chromaffin_cells
MXD3	Cycling_chromaffin_cells
PTMA	Cycling_chromaffin_cells
KIF2C	Cycling_chromaffin_cells
UBE2S	Cycling_chromaffin_cells
SYNE2	Cycling_chromaffin_cells
SGOL2	Cycling_chromaffin_cells
CENPN	Cycling_chromaffin_cells
CDKN2C	Cycling_chromaffin_cells
CKAP2	Cycling_chromaffin_cells
KIF20B	Cycling_chromaffin_cells
KPNA2	Cycling_chromaffin_cells
ARL6IP1	Cycling_chromaffin_cells
SPC24	Cycling_chromaffin_cells
UHRF1	Cycling_chromaffin_cells
CLSPN	Cycling_chromaffin_cells
CENPA	Cycling_chromaffin_cells
ASF1B	Cycling_chromaffin_cells
DLGAP5	Cycling_chromaffin_cells
DEPDC1	Cycling_chromaffin_cells
CCDC34	Cycling_chromaffin_cells
RAD51AP1	Cycling_chromaffin_cells
CENPU	Cycling_chromaffin_cells
TACC3	Cycling_chromaffin_cells
KIFC1	Cycling_chromaffin_cells
RACGAP1	Cycling_chromaffin_cells
CDT1	Cycling_chromaffin_cells
CASC5	Cycling_chromaffin_cells
ARHGAP11A	Cycling_chromaffin_cells
RAD21	Cycling_chromaffin_cells
ATAD2	Cycling_chromaffin_cells
SGOL1	Cycling_chromaffin_cells
CENPM	Cycling_chromaffin_cells
KIF11	Cycling_chromaffin_cells
MZT1	Cycling_chromaffin_cells
E2F1	Cycling_chromaffin_cells
DLEU2	Cycling_chromaffin_cells
CENPE	Cycling_chromaffin_cells
CDCA5	Cycling_chromaffin_cells
KIF23	Cycling_chromaffin_cells
KIF4A	Cycling_chromaffin_cells
NEK2	Cycling_chromaffin_cells
DDX39A	Cycling_chromaffin_cells
KNSTRN	Cycling_chromaffin_cells
RMI2	Cycling_chromaffin_cells
LSM4	Cycling_chromaffin_cells
SOX11	Cycling_chromaffin_cells
NUDT1	Cycling_chromaffin_cells
LMNB1	Cycling_chromaffin_cells
NCAPG	Cycling_chromaffin_cells
MCM7	Cycling_chromaffin_cells
FBLN1	Cycling_chromaffin_cells
C12orf75	Cycling_chromaffin_cells
HNRNPA2B1	Cycling_chromaffin_cells
ECT2	Cycling_chromaffin_cells
RHEB	Cycling_chromaffin_cells
BUB3	Cycling_chromaffin_cells
GMNN	Cycling_chromaffin_cells
KIF20A	Cycling_chromaffin_cells
RAD51	Cycling_chromaffin_cells
KIF21A	Cycling_chromaffin_cells
KIF14	Cycling_chromaffin_cells
MEIS2	Cycling_chromaffin_cells
PRR11	Cycling_chromaffin_cells
H2AFY	Cycling_chromaffin_cells
H2AFX	Cycling_chromaffin_cells
SKA1	Cycling_chromaffin_cells
CENPK	Cycling_chromaffin_cells
RHOBTB3	Cycling_chromaffin_cells
LINC01224	Cycling_chromaffin_cells
PAFAH1B3	Cycling_chromaffin_cells
PXMP2	Cycling_chromaffin_cells
H1FX	Cycling_chromaffin_cells
PIF1	Cycling_chromaffin_cells
MND1	Cycling_chromaffin_cells
RTKN2	Cycling_chromaffin_cells
CCNA1	Cycling_chromaffin_cells
RANBP1	Cycling_chromaffin_cells
C21orf58	Cycling_chromaffin_cells
ZFHX3	Cycling_chromaffin_cells
HELLS	Cycling_chromaffin_cells
FOXP1	Cycling_chromaffin_cells
IDH2	Cycling_chromaffin_cells
POC1A	Cycling_chromaffin_cells
WHSC1	Cycling_chromaffin_cells
TMEM106C	Cycling_chromaffin_cells
RRM1	Cycling_chromaffin_cells
BASP1	Cycling_chromaffin_cells
CBX5	Cycling_chromaffin_cells
MIS18BP1	Cycling_chromaffin_cells
MCM3	Cycling_chromaffin_cells
HMMR	Cycling_chromaffin_cells
SMC3	Cycling_chromaffin_cells
NCAPH	Cycling_chromaffin_cells
SPAG5	Cycling_chromaffin_cells
PSIP1	Cycling_chromaffin_cells
SMC1A	Cycling_chromaffin_cells
CKB	Cycling_chromaffin_cells
HJURP	Cycling_chromaffin_cells
BUB1B	Cycling_chromaffin_cells
MELK	Cycling_chromaffin_cells
HNRNPAB	Cycling_chromaffin_cells
CEP55	Cycling_chromaffin_cells
ONECUT2	Cycling_chromaffin_cells
EZH2	Cycling_chromaffin_cells
TCF19	Cycling_chromaffin_cells
ESCO2	Cycling_chromaffin_cells
LMNB2	Cycling_chromaffin_cells
SKA2	Cycling_chromaffin_cells
RAN	Cycling_chromaffin_cells
NASP	Cycling_chromaffin_cells
DNMT1	Cycling_chromaffin_cells
HDAC2	Cycling_chromaffin_cells
CARHSP1	Cycling_chromaffin_cells
HP1BP3	Cycling_chromaffin_cells
SAMD1	Cycling_chromaffin_cells
CBX1	Cycling_chromaffin_cells
MAD2L2	Cycling_chromaffin_cells
CBX3	Cycling_chromaffin_cells
ASRGL1	Cycling_chromaffin_cells
ARHGAP11B	Cycling_chromaffin_cells
KIAA1524	Cycling_chromaffin_cells
HIRIP3	Cycling_chromaffin_cells
CDC25B	Cycling_chromaffin_cells
CENPV	Cycling_chromaffin_cells
ADRBK2	Cycling_chromaffin_cells
CKAP5	Cycling_chromaffin_cells
SAE1	Cycling_chromaffin_cells
HIST1H2BH	Cycling_chromaffin_cells
FEN1	Cycling_chromaffin_cells
PSRC1	Cycling_chromaffin_cells
ANP32B	Cycling_chromaffin_cells
LSM5	Cycling_chromaffin_cells
AURKA	Cycling_chromaffin_cells
ACOT7	Cycling_chromaffin_cells
ELAVL4	Cycling_chromaffin_cells
APOLD1	Cycling_chromaffin_cells
DBF4	Cycling_chromaffin_cells
ACYP1	Cycling_chromaffin_cells
PHF19	Cycling_chromaffin_cells
CDK5RAP2	Cycling_chromaffin_cells
CHEK1	Cycling_chromaffin_cells
FBXO5	Cycling_chromaffin_cells
CDCA7	Cycling_chromaffin_cells
NDE1	Cycling_chromaffin_cells
LIG1	Cycling_chromaffin_cells
RFC3	Cycling_chromaffin_cells
TLX3	Cycling_chromaffin_cells
SFPQ	Cycling_chromaffin_cells
HDGF	Cycling_chromaffin_cells
GAS2L3	Cycling_chromaffin_cells
PSMC3IP	Cycling_chromaffin_cells
BANF1	Cycling_chromaffin_cells
DPYSL2	Cycling_chromaffin_cells
NNAT	Cycling_chromaffin_cells
HN1	Cycling_chromaffin_cells
RNASEH2B	Cycling_chromaffin_cells
EBF1	Cycling_chromaffin_cells
TTK	Cycling_chromaffin_cells
TPGS2	Cycling_chromaffin_cells
VRK1	Cycling_chromaffin_cells
MCM10	Cycling_chromaffin_cells
NCAPH2	Cycling_chromaffin_cells
CMC2	Cycling_chromaffin_cells
UBALD2	Cycling_chromaffin_cells
NCAPD2	Cycling_chromaffin_cells
MMS22L	Cycling_chromaffin_cells
LSM3	Cycling_chromaffin_cells
EMC9	Cycling_chromaffin_cells
SMS	Cycling_chromaffin_cells
PSMC3	Cycling_chromaffin_cells
TRIP13	Cycling_chromaffin_cells
ZNF738	Cycling_chromaffin_cells
MZT2B	Cycling_chromaffin_cells
ANAPC15	Cycling_chromaffin_cells
CSRP2	Cycling_chromaffin_cells
CDCA4	Cycling_chromaffin_cells
CDC45	Cycling_chromaffin_cells
SAPCD2	Cycling_chromaffin_cells
CHAF1A	Cycling_chromaffin_cells
GLCCI1	Cycling_chromaffin_cells
WDR34	Cycling_chromaffin_cells
MCM6	Cycling_chromaffin_cells
SAC3D1	Cycling_chromaffin_cells
TFAP2B	Cycling_chromaffin_cells
ENAH	Cycling_chromaffin_cells
PARPBP	Cycling_chromaffin_cells
TRIM59	Cycling_chromaffin_cells
RFC4	Cycling_chromaffin_cells
TMEM237	Cycling_chromaffin_cells
SLC4A8	Cycling_chromaffin_cells
COX8A	Cycling_chromaffin_cells
CIT	Cycling_chromaffin_cells
MCM2	Cycling_chromaffin_cells
SESTD1	Cycling_chromaffin_cells
RHNO1	Cycling_chromaffin_cells
MAZ	Cycling_chromaffin_cells
NFIB	Cycling_chromaffin_cells
ZNF704	Cycling_chromaffin_cells
ITGB3BP	Cycling_chromaffin_cells
USP1	Cycling_chromaffin_cells
FUS	Cycling_chromaffin_cells
GGH	Cycling_chromaffin_cells
INSM2	Cycling_chromaffin_cells
UCP2	Cycling_chromaffin_cells
MAGI1	Cycling_chromaffin_cells
AGAP1	Cycling_chromaffin_cells
CREB5	Cycling_chromaffin_cells
PROX1	Cycling_chromaffin_cells
FANCI	Cycling_chromaffin_cells
PCM1	Cycling_chromaffin_cells
GPSM2	Cycling_chromaffin_cells
EVL	Cycling_chromaffin_cells
EZR	Cycling_chromaffin_cells
DNAJC9	Cycling_chromaffin_cells
MAP1B	Cycling_chromaffin_cells
CRNDE	Cycling_chromaffin_cells
KHDRBS1	Cycling_chromaffin_cells
HNRNPR	Cycling_chromaffin_cells
PTCHD1	Cycling_chromaffin_cells
ANK2	Cycling_chromaffin_cells
SSBP2	Cycling_chromaffin_cells
CDK19	Cycling_chromaffin_cells
NCAM1	Cycling_chromaffin_cells
CDKN1B	Cycling_chromaffin_cells
RBBP8	Cycling_chromaffin_cells
CCP110	Cycling_chromaffin_cells
DAZAP1	Cycling_chromaffin_cells
TUBB6	Cycling_chromaffin_cells
PLXNA4	Cycling_chromaffin_cells
SLC38A1	Cycling_chromaffin_cells
ISL1	Cycling_chromaffin_cells
SYNPO2	Cycling_chromaffin_cells
DCAF7	Cycling_chromaffin_cells
MCM5	Cycling_chromaffin_cells
MIS18A	Cycling_chromaffin_cells
MTUS1	Cycling_chromaffin_cells
SET	Cycling_chromaffin_cells
G2E3	Cycling_chromaffin_cells
KIF5B	Cycling_chromaffin_cells
KIF5C	Cycling_chromaffin_cells
TSHZ2	Cycling_chromaffin_cells
WEE1	Cycling_chromaffin_cells
HNRNPD	Cycling_chromaffin_cells
SNRPB	Cycling_chromaffin_cells
HNRNPUL2	Cycling_chromaffin_cells
KLHL23	Cycling_chromaffin_cells
ILF3	Cycling_chromaffin_cells
HNRNPUL1	Cycling_chromaffin_cells
CNTLN	Cycling_chromaffin_cells
THSD7A	Cycling_chromaffin_cells
CCDC88A	Cycling_chromaffin_cells
BCAT1	Cycling_chromaffin_cells
RBMS3	Cycling_chromaffin_cells
CCND1	Cycling_chromaffin_cells
NSMCE4A	Cycling_chromaffin_cells
TRIM36	Cycling_chromaffin_cells
RUNX1T1	Cycling_chromaffin_cells
PCDH7	Cycling_chromaffin_cells
MYEF2	Cycling_chromaffin_cells
MAP4K4	Cycling_chromaffin_cells
PBRM1	Cycling_chromaffin_cells
TUBA1C	Cycling_chromaffin_cells
SNAP91	Cycling_chromaffin_cells
PTBP2	Cycling_chromaffin_cells
RBFOX1	Cycling_chromaffin_cells
RCC2	Cycling_chromaffin_cells
JADE1	Cycling_chromaffin_cells
NBEA	Cycling_chromaffin_cells
ELAVL3	Cycling_chromaffin_cells
CALM3	Cycling_chromaffin_cells
TMX4	Cycling_chromaffin_cells
PHOX2B	Cycling_chromaffin_cells
HNRNPU	Cycling_chromaffin_cells
CHN1	Cycling_chromaffin_cells
CCT5	Cycling_chromaffin_cells
VDAC3	Cycling_chromaffin_cells
TMEM97	Cycling_chromaffin_cells
RAD51C	Cycling_chromaffin_cells
RFC2	Cycling_chromaffin_cells
CACYBP	Cycling_chromaffin_cells
HNRNPA0	Cycling_chromaffin_cells
DHPS	Cycling_chromaffin_cells
NCAPD3	Cycling_chromaffin_cells
USP22	Cycling_chromaffin_cells
MEX3A	Cycling_chromaffin_cells
NRM	Cycling_chromaffin_cells
TRIM28	Cycling_chromaffin_cells
ATCAY	Cycling_chromaffin_cells
ENO2	Cycling_chromaffin_cells
DICER1	Cycling_chromaffin_cells
GNG4	Cycling_chromaffin_cells
FOXN3	Cycling_chromaffin_cells
GKAP1	Cycling_chromaffin_cells
MTHFD2	Cycling_chromaffin_cells
DDAH2	Cycling_chromaffin_cells
STRA13	Cycling_chromaffin_cells
POLR3K	Cycling_chromaffin_cells
LINC00682	Cycling_chromaffin_cells
TOP2B	Cycling_chromaffin_cells
KPNB1	Cycling_chromaffin_cells
XRCC5	Cycling_chromaffin_cells
ILF2	Cycling_chromaffin_cells
SRSF10	Cycling_chromaffin_cells
INPP5F	Cycling_chromaffin_cells
GTF2I	Cycling_chromaffin_cells
CSTF3	Cycling_chromaffin_cells
TRIM2	Cycling_chromaffin_cells
EIF4G2	Cycling_chromaffin_cells
MAB21L2	Cycling_chromaffin_cells
HLTF	Cycling_chromaffin_cells
HNRNPH3	Cycling_chromaffin_cells
SSRP1	Cycling_chromaffin_cells
GNB1	Cycling_chromaffin_cells
COX5A	Cycling_chromaffin_cells
ICA1	Cycling_chromaffin_cells
DPYSL5	Cycling_chromaffin_cells
DCP2	Cycling_chromaffin_cells
PIN1	Cycling_chromaffin_cells
DAAM1	Cycling_chromaffin_cells
EIF4EBP1	Cycling_chromaffin_cells
HMGA1	Cycling_chromaffin_cells
RNF5	Cycling_chromaffin_cells
IMMP1L	Cycling_chromaffin_cells
SLBP	Cycling_chromaffin_cells
MAP2	Cycling_chromaffin_cells
EXOSC8	Cycling_chromaffin_cells
CDK16	Cycling_chromaffin_cells
LBR	Cycling_chromaffin_cells
CKLF	Cycling_chromaffin_cells
MED30	Cycling_chromaffin_cells
IFI27L1	Cycling_chromaffin_cells
CLASP2	Cycling_chromaffin_cells
NUDT3	Cycling_chromaffin_cells
DHX9	Cycling_chromaffin_cells
MAPRE1	Cycling_chromaffin_cells
CCAR1	Cycling_chromaffin_cells
GOT1	Cycling_chromaffin_cells
ITGAE	Cycling_chromaffin_cells
HAND2	Cycling_chromaffin_cells
PRKRA	Cycling_chromaffin_cells
RALY	Cycling_chromaffin_cells
HSPB11	Cycling_chromaffin_cells
SESN3	Cycling_chromaffin_cells
VSTM2L	Cycling_chromaffin_cells
PRPH	NonCycling_chromaffin_cells
STMN2	NonCycling_chromaffin_cells
TUBB2B	NonCycling_chromaffin_cells
TUBA1A	NonCycling_chromaffin_cells
GAP43	NonCycling_chromaffin_cells
RTN1	NonCycling_chromaffin_cells
MLLT11	NonCycling_chromaffin_cells
TMSB10	NonCycling_chromaffin_cells
STMN4	NonCycling_chromaffin_cells
NPY	NonCycling_chromaffin_cells
UCHL1	NonCycling_chromaffin_cells
TUBB2A	NonCycling_chromaffin_cells
MAP1B	NonCycling_chromaffin_cells
TMSB4X	NonCycling_chromaffin_cells
MARCKSL1	NonCycling_chromaffin_cells
ACTG1	NonCycling_chromaffin_cells
RGS5	NonCycling_chromaffin_cells
CD24	NonCycling_chromaffin_cells
GAL	NonCycling_chromaffin_cells
CCNI	NonCycling_chromaffin_cells
PHOX2A	NonCycling_chromaffin_cells
SOX4	NonCycling_chromaffin_cells
CRMP1	NonCycling_chromaffin_cells
BASP1	NonCycling_chromaffin_cells
TUBB	NonCycling_chromaffin_cells
NTRK1	NonCycling_chromaffin_cells
ELAVL4	NonCycling_chromaffin_cells
MAOA	NonCycling_chromaffin_cells
PCP4	NonCycling_chromaffin_cells
HN1	NonCycling_chromaffin_cells
CCND1	NonCycling_chromaffin_cells
CALM2	NonCycling_chromaffin_cells
MAPT	NonCycling_chromaffin_cells
GATA2	NonCycling_chromaffin_cells
NREP	NonCycling_chromaffin_cells
CALM1	NonCycling_chromaffin_cells
PMP22	NonCycling_chromaffin_cells
C4orf48	NonCycling_chromaffin_cells
ISL1	NonCycling_chromaffin_cells
KRT19	NonCycling_chromaffin_cells
TTC9B	NonCycling_chromaffin_cells
FKBP1B	NonCycling_chromaffin_cells
NSG1	NonCycling_chromaffin_cells
PCBP4	NonCycling_chromaffin_cells
FAM57B	NonCycling_chromaffin_cells
EEF2	NonCycling_chromaffin_cells
YWHAH	NonCycling_chromaffin_cells
INA	NonCycling_chromaffin_cells
NEFL	NonCycling_chromaffin_cells
MAB21L1	NonCycling_chromaffin_cells
HMP19	NonCycling_chromaffin_cells
CALB2	NonCycling_chromaffin_cells
ANXA2	NonCycling_chromaffin_cells
CNTFR	NonCycling_chromaffin_cells
GNAO1	NonCycling_chromaffin_cells
PLPPR3	NonCycling_chromaffin_cells
PODXL2	NonCycling_chromaffin_cells
NEFM	NonCycling_chromaffin_cells
LY6H	NonCycling_chromaffin_cells
TMEM59L	NonCycling_chromaffin_cells
ARHGDIG	NonCycling_chromaffin_cells
TMOD1	NonCycling_chromaffin_cells
GDAP1L1	NonCycling_chromaffin_cells
ZNF428	NonCycling_chromaffin_cells
PTMA	NonCycling_chromaffin_cells
ELAVL2	NonCycling_chromaffin_cells
FABP5	NonCycling_chromaffin_cells
CD44	NonCycling_chromaffin_cells
CFL1	NonCycling_chromaffin_cells
GATA3	NonCycling_chromaffin_cells
NNAT	NonCycling_chromaffin_cells
STMN1	NonCycling_chromaffin_cells
ATAT1	NonCycling_chromaffin_cells
ECEL1	NonCycling_chromaffin_cells
MAP1LC3A	NonCycling_chromaffin_cells
PPP1R1A	NonCycling_chromaffin_cells
MYL6	NonCycling_chromaffin_cells
CLU	NonCycling_chromaffin_cells
MAP4	NonCycling_chromaffin_cells
CHST1	NonCycling_chromaffin_cells
PAFAH1B3	NonCycling_chromaffin_cells
PRKAG2-AS1	NonCycling_chromaffin_cells
HMX1	NonCycling_chromaffin_cells
TMEM35	NonCycling_chromaffin_cells
ATP6V1G2	NonCycling_chromaffin_cells
DCX	NonCycling_chromaffin_cells
RTN4	NonCycling_chromaffin_cells
TAGLN3	NonCycling_chromaffin_cells
EIF3L	NonCycling_chromaffin_cells
GNG3	NonCycling_chromaffin_cells
6-Sep	NonCycling_chromaffin_cells
RAC3	NonCycling_chromaffin_cells
FXYD6	NonCycling_chromaffin_cells
SCG5	NonCycling_chromaffin_cells
RTN3	NonCycling_chromaffin_cells
PKIB	NonCycling_chromaffin_cells
PRDX5	NonCycling_chromaffin_cells
FSCN1	NonCycling_chromaffin_cells
TBCB	NonCycling_chromaffin_cells
GDI1	NonCycling_chromaffin_cells
CKB	NonCycling_chromaffin_cells
EXOC4	NonCycling_chromaffin_cells
SARAF	NonCycling_chromaffin_cells
EIF4A2	NonCycling_chromaffin_cells
KLC1	NonCycling_chromaffin_cells
YWHAQ	NonCycling_chromaffin_cells
SLC6A2	NonCycling_chromaffin_cells
RBFOX1	NonCycling_chromaffin_cells
SNAP25	NonCycling_chromaffin_cells
ATP5O	NonCycling_chromaffin_cells
PGM2L1	NonCycling_chromaffin_cells
RGS4	NonCycling_chromaffin_cells
ENO2	NonCycling_chromaffin_cells
LXN	NonCycling_chromaffin_cells
TMEM14A	NonCycling_chromaffin_cells
HTR3A	NonCycling_chromaffin_cells
CCDC112	NonCycling_chromaffin_cells
PIK3R1	NonCycling_chromaffin_cells
PCBP3	NonCycling_chromaffin_cells
ARPC2	NonCycling_chromaffin_cells
OCIAD2	NonCycling_chromaffin_cells
VAMP2	NonCycling_chromaffin_cells
COX5A	NonCycling_chromaffin_cells
PARVA	NonCycling_chromaffin_cells
CADPS	NonCycling_chromaffin_cells
OLFM1	NonCycling_chromaffin_cells
DCTN2	NonCycling_chromaffin_cells
SCN3B	NonCycling_chromaffin_cells
SYT17	NonCycling_chromaffin_cells
LRTM1	NonCycling_chromaffin_cells
SERP2	NonCycling_chromaffin_cells
TMSB15A	NonCycling_chromaffin_cells
RAMP3	NonCycling_chromaffin_cells
RUFY3	NonCycling_chromaffin_cells
APLP1	NonCycling_chromaffin_cells
FSD1	NonCycling_chromaffin_cells
EEF1A2	NonCycling_chromaffin_cells
PRSS3	NonCycling_chromaffin_cells
SULT4A1	NonCycling_chromaffin_cells
ALCAM	NonCycling_chromaffin_cells
TAC3	NonCycling_chromaffin_cells
RBFOX2	NonCycling_chromaffin_cells
ARHGAP22	NonCycling_chromaffin_cells
NCOA7	NonCycling_chromaffin_cells
DDAH2	NonCycling_chromaffin_cells
FABP3	NonCycling_chromaffin_cells
PHOX2B	NonCycling_chromaffin_cells
FGF13	NonCycling_chromaffin_cells
CLIP3	NonCycling_chromaffin_cells
ACHE	NonCycling_chromaffin_cells
REEP2	NonCycling_chromaffin_cells
DYNLT1	NonCycling_chromaffin_cells
IL7	NonCycling_chromaffin_cells
DTD1	NonCycling_chromaffin_cells
PNCK	NonCycling_chromaffin_cells
POU2F2	NonCycling_chromaffin_cells
DPYSL4	NonCycling_chromaffin_cells
VAT1	NonCycling_chromaffin_cells
CDC42	NonCycling_chromaffin_cells
RUNDC3B	NonCycling_chromaffin_cells
RFK	NonCycling_chromaffin_cells
MDK	NonCycling_chromaffin_cells
SNRPN	NonCycling_chromaffin_cells
THY1	NonCycling_chromaffin_cells
11-Mar	NonCycling_chromaffin_cells
BRK1	NonCycling_chromaffin_cells
TG	NonCycling_chromaffin_cells
RAB3A	NonCycling_chromaffin_cells
RGS7	NonCycling_chromaffin_cells
ATP1A3	NonCycling_chromaffin_cells
GFRA3	NonCycling_chromaffin_cells
AKR1C2	NonCycling_chromaffin_cells
VSTM2L	NonCycling_chromaffin_cells
CPNE2	NonCycling_chromaffin_cells
ELAVL3	NonCycling_chromaffin_cells
NT5C3B	NonCycling_chromaffin_cells
BOK	NonCycling_chromaffin_cells
LMO1	NonCycling_chromaffin_cells
TLN2	NonCycling_chromaffin_cells
STMN3	NonCycling_chromaffin_cells
HAND1	NonCycling_chromaffin_cells
PTMS	NonCycling_chromaffin_cells
C1QTNF2	NonCycling_chromaffin_cells
RABAC1	NonCycling_chromaffin_cells
PLPPR2	NonCycling_chromaffin_cells
EIF1B	NonCycling_chromaffin_cells
FHL1	NonCycling_chromaffin_cells
C10orf35	NonCycling_chromaffin_cells
CASC15	NonCycling_chromaffin_cells
PSMB7	NonCycling_chromaffin_cells
SPOCK1	NonCycling_chromaffin_cells
MOAP1	NonCycling_chromaffin_cells
REEP1	NonCycling_chromaffin_cells
RAB6A	NonCycling_chromaffin_cells
PLPP4	NonCycling_chromaffin_cells
SVBP	NonCycling_chromaffin_cells
CAPN1	NonCycling_chromaffin_cells
TRIM36	NonCycling_chromaffin_cells
NRP2	NonCycling_chromaffin_cells
NME1	NonCycling_chromaffin_cells
ATP6V0E2	NonCycling_chromaffin_cells
CADM3	NonCycling_chromaffin_cells
RNF187	NonCycling_chromaffin_cells
TTC3	NonCycling_chromaffin_cells
OPTN	NonCycling_chromaffin_cells
DYNLRB1	NonCycling_chromaffin_cells
7-Sep	NonCycling_chromaffin_cells
ZFHX3	NonCycling_chromaffin_cells
PHYHIPL	NonCycling_chromaffin_cells
RAB33A	NonCycling_chromaffin_cells
AKR1C1	NonCycling_chromaffin_cells
SCG3	NonCycling_chromaffin_cells
TUBB4A	NonCycling_chromaffin_cells
PPA1	NonCycling_chromaffin_cells
HMGA1	NonCycling_chromaffin_cells
CSDE1	NonCycling_chromaffin_cells
PAK3	NonCycling_chromaffin_cells
RAMP2	NonCycling_chromaffin_cells
SERTAD4-AS1	NonCycling_chromaffin_cells
MAP1LC3B	NonCycling_chromaffin_cells
TAGLN2	NonCycling_chromaffin_cells
DOK4	NonCycling_chromaffin_cells
SCN9A	NonCycling_chromaffin_cells
CAMLG	NonCycling_chromaffin_cells
DPYSL3	NonCycling_chromaffin_cells
RND2	NonCycling_chromaffin_cells
RGS9	NonCycling_chromaffin_cells
TMEFF2	NonCycling_chromaffin_cells
KIF21A	NonCycling_chromaffin_cells
ACOT7	NonCycling_chromaffin_cells
AP2M1	NonCycling_chromaffin_cells
C6orf1	NonCycling_chromaffin_cells
DPYSL2	NonCycling_chromaffin_cells
CNRIP1	NonCycling_chromaffin_cells
MEIS3	NonCycling_chromaffin_cells
MIAT	NonCycling_chromaffin_cells
FAXC	NonCycling_chromaffin_cells
UBE2L6	NonCycling_chromaffin_cells
YWHAZ	NonCycling_chromaffin_cells
LUC7L3	NonCycling_chromaffin_cells
SRGAP1	NonCycling_chromaffin_cells
TPGS2	NonCycling_chromaffin_cells
CELF4	NonCycling_chromaffin_cells
ARL8A	NonCycling_chromaffin_cells
CCT3	NonCycling_chromaffin_cells
EVL	NonCycling_chromaffin_cells
HOXC9	NonCycling_chromaffin_cells
NHP2	NonCycling_chromaffin_cells
TFAP2B	NonCycling_chromaffin_cells
MAB21L2	NonCycling_chromaffin_cells
ACAT2	NonCycling_chromaffin_cells
PPP2R5B	NonCycling_chromaffin_cells
CCDC184	NonCycling_chromaffin_cells
FAM32A	NonCycling_chromaffin_cells
C14orf132	NonCycling_chromaffin_cells
NIPSNAP1	NonCycling_chromaffin_cells
KLF7	NonCycling_chromaffin_cells
MAP7D1	NonCycling_chromaffin_cells
TRAPPC1	NonCycling_chromaffin_cells
CAMK2B	NonCycling_chromaffin_cells
AKAP12	NonCycling_chromaffin_cells
C9orf16	NonCycling_chromaffin_cells
PHF14	NonCycling_chromaffin_cells
CYGB	NonCycling_chromaffin_cells
MFSD10	NonCycling_chromaffin_cells
TTC39C	NonCycling_chromaffin_cells
MAP1A	NonCycling_chromaffin_cells
FKBP8	NonCycling_chromaffin_cells
FKBP3	NonCycling_chromaffin_cells
TKT	NonCycling_chromaffin_cells
STRAP	NonCycling_chromaffin_cells
C16orf45	NonCycling_chromaffin_cells
UBE2E3	NonCycling_chromaffin_cells
NDFIP1	NonCycling_chromaffin_cells
SYT11	NonCycling_chromaffin_cells
ALDH2	NonCycling_chromaffin_cells
DYNC1I2	NonCycling_chromaffin_cells
PRCC	NonCycling_chromaffin_cells
GPX1	NonCycling_chromaffin_cells
NOP56	NonCycling_chromaffin_cells
GRB2	NonCycling_chromaffin_cells
KIF5C	NonCycling_chromaffin_cells
FOXO3	NonCycling_chromaffin_cells
ING4	NonCycling_chromaffin_cells
NUDT14	NonCycling_chromaffin_cells
TMEM55A	NonCycling_chromaffin_cells
THRA	NonCycling_chromaffin_cells
DUSP26	NonCycling_chromaffin_cells
CCNB1IP1	NonCycling_chromaffin_cells
IGBP1	NonCycling_chromaffin_cells
CNTNAP2	NonCycling_chromaffin_cells
TMEM160	NonCycling_chromaffin_cells
RBMS3	NonCycling_chromaffin_cells
YPEL3	NonCycling_chromaffin_cells
TSPAN7	NonCycling_chromaffin_cells
HCFC1R1	NonCycling_chromaffin_cells
WRB	NonCycling_chromaffin_cells
PALM	NonCycling_chromaffin_cells
CCT2	NonCycling_chromaffin_cells
FAM89B	NonCycling_chromaffin_cells
MAP7	NonCycling_chromaffin_cells
GABPB1-AS1	NonCycling_chromaffin_cells
CHGA	NonCycling_sympathoblasts
PENK	NonCycling_sympathoblasts
CARTPT	NonCycling_sympathoblasts
DLK1	NonCycling_sympathoblasts
CHGB	NonCycling_sympathoblasts
RAMP1	NonCycling_sympathoblasts
PNMT	NonCycling_sympathoblasts
SCG2	NonCycling_sympathoblasts
MEG3	NonCycling_sympathoblasts
TH	NonCycling_sympathoblasts
FAM46A	NonCycling_sympathoblasts
PCSK1N	NonCycling_sympathoblasts
MIR7-3HG	NonCycling_sympathoblasts
QDPR	NonCycling_sympathoblasts
DUSP2	NonCycling_sympathoblasts
TMEM190	NonCycling_sympathoblasts
COX4I2	NonCycling_sympathoblasts
HTATSF1	NonCycling_sympathoblasts
NDUFA4L2	NonCycling_sympathoblasts
FAM162B	NonCycling_sympathoblasts
EIF1	NonCycling_sympathoblasts
NLRP1	NonCycling_sympathoblasts
ARC	NonCycling_sympathoblasts
HIST1H2AC	NonCycling_sympathoblasts
HMGN3	NonCycling_sympathoblasts
PLD3	NonCycling_sympathoblasts
ATP5E	NonCycling_sympathoblasts
SSR4	NonCycling_sympathoblasts
CYSTM1	NonCycling_sympathoblasts
PPP1R1B	NonCycling_sympathoblasts
PCSK2	NonCycling_sympathoblasts
UQCRB	NonCycling_sympathoblasts
HACD3	NonCycling_sympathoblasts
HIST3H2A	NonCycling_sympathoblasts
INSM1	NonCycling_sympathoblasts
CDKN1C	NonCycling_sympathoblasts
P4HTM	NonCycling_sympathoblasts
H3F3B	NonCycling_sympathoblasts
VGF	NonCycling_sympathoblasts
SLC35D3	NonCycling_sympathoblasts
SMIM1	NonCycling_sympathoblasts
HIST2H2BE	NonCycling_sympathoblasts
GNAS	NonCycling_sympathoblasts
DBH	NonCycling_sympathoblasts
C1QL1	NonCycling_sympathoblasts
CYB561	NonCycling_sympathoblasts
SNHG8	NonCycling_sympathoblasts
MRPL33	NonCycling_sympathoblasts
VWA5B2	NonCycling_sympathoblasts
ADM	NonCycling_sympathoblasts
SLC24A2	NonCycling_sympathoblasts
ANKRD29	NonCycling_sympathoblasts
SLC18A1	NonCycling_sympathoblasts
ITM2C	NonCycling_sympathoblasts
SCG5	NonCycling_sympathoblasts
CDH7	NonCycling_sympathoblasts
MRAP2	NonCycling_sympathoblasts
DOK5	NonCycling_sympathoblasts
IGF2	NonCycling_sympathoblasts
BEX1	NonCycling_sympathoblasts
VIMP	NonCycling_sympathoblasts
PTN	NonCycling_sympathoblasts
PACRG	NonCycling_sympathoblasts
CFAP61	NonCycling_sympathoblasts
JUNB	NonCycling_sympathoblasts
SPOCK3	NonCycling_sympathoblasts
ST18	NonCycling_sympathoblasts
LINC00890	NonCycling_sympathoblasts
C2orf40	NonCycling_sympathoblasts
NPM1	NonCycling_sympathoblasts
ATP6V0E1	NonCycling_sympathoblasts
GCH1	NonCycling_sympathoblasts
TDRD9	NonCycling_sympathoblasts
COX7C	NonCycling_sympathoblasts
POLR2L	NonCycling_sympathoblasts
PFDN5	NonCycling_sympathoblasts
TPM1	NonCycling_sympathoblasts
EPCAM	NonCycling_sympathoblasts
SEZ6L2	NonCycling_sympathoblasts
HSPA5	NonCycling_sympathoblasts
HIST1H2AE	NonCycling_sympathoblasts
CIRBP	NonCycling_sympathoblasts
GPNMB	NonCycling_sympathoblasts
KCNQ2	NonCycling_sympathoblasts
DDC	NonCycling_sympathoblasts
PTPRN2	NonCycling_sympathoblasts
BEX2	NonCycling_sympathoblasts
LYN	NonCycling_sympathoblasts
TMA7	NonCycling_sympathoblasts
NPAS4	NonCycling_sympathoblasts
PPP1R17	NonCycling_sympathoblasts
SYT5	NonCycling_sympathoblasts
ZNF331	NonCycling_sympathoblasts
SNHG7	NonCycling_sympathoblasts
MGAT4C	NonCycling_sympathoblasts
KISS1R	NonCycling_sympathoblasts
CST3	NonCycling_sympathoblasts
TCEAL5	NonCycling_sympathoblasts
NR4A1	NonCycling_sympathoblasts
GCGR	NonCycling_sympathoblasts
TMEM59	NonCycling_sympathoblasts
PRMT9	NonCycling_sympathoblasts
WBP5	NonCycling_sympathoblasts
AAED1	NonCycling_sympathoblasts
SELK	NonCycling_sympathoblasts
PAM	NonCycling_sympathoblasts
METTL7A	NonCycling_sympathoblasts
LRRN2	NonCycling_sympathoblasts
F10	NonCycling_sympathoblasts
RSPH1	NonCycling_sympathoblasts
HOXB6	NonCycling_sympathoblasts
KCNJ6	NonCycling_sympathoblasts
NME3	NonCycling_sympathoblasts
FTL	NonCycling_sympathoblasts
C2CD4B	NonCycling_sympathoblasts
CEBPB	NonCycling_sympathoblasts
TUSC3	NonCycling_sympathoblasts
CCND2	NonCycling_sympathoblasts
GIP	NonCycling_sympathoblasts
CPE	NonCycling_sympathoblasts
FAM155A	NonCycling_sympathoblasts
BTBD17	NonCycling_sympathoblasts
CHRNA3	NonCycling_sympathoblasts
IGSF1	NonCycling_sympathoblasts
RNASET2	NonCycling_sympathoblasts
SPINT2	NonCycling_sympathoblasts
NPTX1	NonCycling_sympathoblasts
ARFGEF3	NonCycling_sympathoblasts
MAPK13	NonCycling_sympathoblasts
HIST1H1C	NonCycling_sympathoblasts
SLC25A6	NonCycling_sympathoblasts
SELM	NonCycling_sympathoblasts
HOXB8	NonCycling_sympathoblasts
EMC7	NonCycling_sympathoblasts
LRRC10B	NonCycling_sympathoblasts
GHRH	NonCycling_sympathoblasts
LMNA	NonCycling_sympathoblasts
AQP5	NonCycling_sympathoblasts
RHBDD2	NonCycling_sympathoblasts
ASPDH	NonCycling_sympathoblasts
C14orf2	NonCycling_sympathoblasts
FKBP2	NonCycling_sympathoblasts
NT5DC2	NonCycling_sympathoblasts
TIAM1	NonCycling_sympathoblasts
KLK4	NonCycling_sympathoblasts
TMEM51	NonCycling_sympathoblasts
B9D1	NonCycling_sympathoblasts
B4GAT1	NonCycling_sympathoblasts
TOMM7	NonCycling_sympathoblasts
SEC61G	NonCycling_sympathoblasts
GNA14	NonCycling_sympathoblasts
MRPL57	NonCycling_sympathoblasts
ZFAS1	NonCycling_sympathoblasts
DDX24	NonCycling_sympathoblasts
BEGAIN	NonCycling_sympathoblasts
EIF3E	NonCycling_sympathoblasts
ZDBF2	NonCycling_sympathoblasts
CRYBA2	NonCycling_sympathoblasts
C2CD4A	NonCycling_sympathoblasts
MAT2A	NonCycling_sympathoblasts
SEC62	NonCycling_sympathoblasts
IFI6	NonCycling_sympathoblasts
P3H3	NonCycling_sympathoblasts
NPTX2	NonCycling_sympathoblasts
FAIM2	NonCycling_sympathoblasts
PARD6A	NonCycling_sympathoblasts
HOXB7	NonCycling_sympathoblasts
COX14	NonCycling_sympathoblasts
C12orf29	NonCycling_sympathoblasts
LRPAP1	NonCycling_sympathoblasts
LINC00632	NonCycling_sympathoblasts
CYB5A	NonCycling_sympathoblasts
C19orf53	NonCycling_sympathoblasts
HIF3A	NonCycling_sympathoblasts
EIF4A2	NonCycling_sympathoblasts
MAP9	NonCycling_sympathoblasts
MEST	NonCycling_sympathoblasts
DKK3	NonCycling_sympathoblasts
AMPD2	NonCycling_sympathoblasts
UQCRH	NonCycling_sympathoblasts
TIMP1	NonCycling_sympathoblasts
LINC01574	NonCycling_sympathoblasts
GNG8	NonCycling_sympathoblasts
NR3C1	NonCycling_sympathoblasts
UBL5	NonCycling_sympathoblasts
SLC31A2	NonCycling_sympathoblasts
NPW	NonCycling_sympathoblasts
BAG3	NonCycling_sympathoblasts
TLE2	NonCycling_sympathoblasts
CNIH2	NonCycling_sympathoblasts
SDF2L1	NonCycling_sympathoblasts
C6orf48	NonCycling_sympathoblasts
RINL	NonCycling_sympathoblasts
HLA-DQB1	NonCycling_sympathoblasts
PCBD1	NonCycling_sympathoblasts
HOXA7	NonCycling_sympathoblasts
SLC18A2	NonCycling_sympathoblasts
BTG2	NonCycling_sympathoblasts
KRT10	NonCycling_sympathoblasts
TMEM100	NonCycling_sympathoblasts
CALR	NonCycling_sympathoblasts
CEBPD	NonCycling_sympathoblasts
B3GNT2	NonCycling_sympathoblasts
TXNIP	NonCycling_sympathoblasts
TGFBR3L	NonCycling_sympathoblasts
PTGER3	NonCycling_sympathoblasts
BCAM	NonCycling_sympathoblasts
SERPINE2	NonCycling_sympathoblasts
CFAP36	NonCycling_sympathoblasts
RASD1	NonCycling_sympathoblasts
KCNMB2	NonCycling_sympathoblasts
UQCR11	NonCycling_sympathoblasts
PRCD	NonCycling_sympathoblasts
IL13RA2	NonCycling_sympathoblasts
TMEM53	NonCycling_sympathoblasts
ITM2B	NonCycling_sympathoblasts
JOSD2	NonCycling_sympathoblasts
ATP6V1B2	NonCycling_sympathoblasts
TMEM205	NonCycling_sympathoblasts
NOL3	NonCycling_sympathoblasts
SYT1	NonCycling_sympathoblasts
PTPRN	NonCycling_sympathoblasts
COX17	NonCycling_sympathoblasts
TCTN1	NonCycling_sympathoblasts
ZBTB16	NonCycling_sympathoblasts
TSPYL2	NonCycling_sympathoblasts
CSRNP1	NonCycling_sympathoblasts
CCPG1	NonCycling_sympathoblasts
LINC01315	NonCycling_sympathoblasts
GEM	NonCycling_sympathoblasts
ALG13	NonCycling_sympathoblasts
HLA-DRB5	NonCycling_sympathoblasts
DNAJB9	NonCycling_sympathoblasts
SMIM4	NonCycling_sympathoblasts
ETFB	NonCycling_sympathoblasts
EID1	NonCycling_sympathoblasts
PGF	NonCycling_sympathoblasts
TRAF3IP2	NonCycling_sympathoblasts
FNDC3A	NonCycling_sympathoblasts
METRN	NonCycling_sympathoblasts
TFPI2	NonCycling_sympathoblasts
SLC2A3	NonCycling_sympathoblasts
ABAT	NonCycling_sympathoblasts
PDLIM4	NonCycling_sympathoblasts
CRELD1	NonCycling_sympathoblasts
SLC7A5	NonCycling_sympathoblasts
NPDC1	NonCycling_sympathoblasts
TMEM54	NonCycling_sympathoblasts
CFAP20	NonCycling_sympathoblasts
GPR155	NonCycling_sympathoblasts
SYP	NonCycling_sympathoblasts
CD164	NonCycling_sympathoblasts
SPRY4	NonCycling_sympathoblasts
SLC29A1	NonCycling_sympathoblasts
KDELR1	NonCycling_sympathoblasts
EMC10	NonCycling_sympathoblasts
QPCT	NonCycling_sympathoblasts
DNALI1	NonCycling_sympathoblasts
SLC31A1	NonCycling_sympathoblasts
COX7A1	NonCycling_sympathoblasts
NSMCE3	NonCycling_sympathoblasts
EPB41L4A-AS1	NonCycling_sympathoblasts
LIN7A	NonCycling_sympathoblasts
STRA6	NonCycling_sympathoblasts
CAMK4	NonCycling_sympathoblasts
HSPA6	NonCycling_sympathoblasts
CDK5R2	NonCycling_sympathoblasts
CITED2	NonCycling_sympathoblasts
FXYD5	NonCycling_sympathoblasts
GUK1	NonCycling_sympathoblasts
NEU1	NonCycling_sympathoblasts
IFT57	NonCycling_sympathoblasts
CCDC181	NonCycling_sympathoblasts
NENF	NonCycling_sympathoblasts
RAB3C	NonCycling_sympathoblasts
SLC22A17	NonCycling_sympathoblasts
MRPS33	NonCycling_sympathoblasts
ARL4D	NonCycling_sympathoblasts
TRMT6	NonCycling_sympathoblasts
IL20RA	NonCycling_sympathoblasts
SPCS1	NonCycling_sympathoblasts
JPH4	NonCycling_sympathoblasts
ANAPC16	NonCycling_sympathoblasts
EGFL7	NonCycling_sympathoblasts
HIST1H2BD	NonCycling_sympathoblasts
GSTP1	NonCycling_sympathoblasts
YIF1A	NonCycling_sympathoblasts
FKBP5	NonCycling_sympathoblasts
MYDGF	NonCycling_sympathoblasts
PSAP	NonCycling_sympathoblasts
NDUFB1	NonCycling_sympathoblasts
EFHC1	NonCycling_sympathoblasts
MTIF3	NonCycling_sympathoblasts
FOSL2	NonCycling_sympathoblasts
HLA-DRB1	NonCycling_sympathoblasts
CHCHD7	NonCycling_sympathoblasts
LINC00473	NonCycling_sympathoblasts
ATP5I	NonCycling_sympathoblasts
LINC00116	NonCycling_sympathoblasts
CRELD2	NonCycling_sympathoblasts
GSTM3	NonCycling_sympathoblasts
MALAT1	NonCycling_sympathoblasts
LINC01420	NonCycling_sympathoblasts
SDC2	NonCycling_sympathoblasts
PGAM2	NonCycling_sympathoblasts
STAT3	NonCycling_sympathoblasts
MFAP2	NonCycling_sympathoblasts
PLPPR5	NonCycling_sympathoblasts
MZT2A	NonCycling_sympathoblasts
FGF14	NonCycling_sympathoblasts
GPR162	NonCycling_sympathoblasts
PRNP	NonCycling_sympathoblasts
RIIAD1	NonCycling_sympathoblasts
TRMT112	NonCycling_sympathoblasts
UFC1	NonCycling_sympathoblasts
SLC35G2	NonCycling_sympathoblasts
CUTA	NonCycling_sympathoblasts
GNG3	NonCycling_sympathoblasts
ZNF593	NonCycling_sympathoblasts
PDCD4	NonCycling_sympathoblasts
N4BP2L2	NonCycling_sympathoblasts
NR4A2	NonCycling_sympathoblasts
CCNH	NonCycling_sympathoblasts
B3GNT4	NonCycling_sympathoblasts
PEG10	NonCycling_sympathoblasts
VEGFA	NonCycling_sympathoblasts
CREM	NonCycling_sympathoblasts
LINC00672	NonCycling_sympathoblasts
NME7	NonCycling_sympathoblasts
GRN	NonCycling_sympathoblasts
SNU13	NonCycling_sympathoblasts
SAR1B	NonCycling_sympathoblasts
USMG5	NonCycling_sympathoblasts
CHPF	NonCycling_sympathoblasts
NDUFA1	NonCycling_sympathoblasts
GRIA2	NonCycling_sympathoblasts
NDUFA3	NonCycling_sympathoblasts
KLF10	NonCycling_sympathoblasts
15-Sep	NonCycling_sympathoblasts
TXNDC12	NonCycling_sympathoblasts
MTRNR2L8	NonCycling_sympathoblasts
UBC	NonCycling_sympathoblasts
IGFBP7	NonCycling_sympathoblasts
BAIAP2	NonCycling_sympathoblasts
ERLEC1	NonCycling_sympathoblasts
DNAJC3	NonCycling_sympathoblasts
ARL2	NonCycling_sympathoblasts
IFT22	NonCycling_sympathoblasts
TCEAL8	NonCycling_sympathoblasts
NECAP1	NonCycling_sympathoblasts
CETN2	NonCycling_sympathoblasts
PRAF2	NonCycling_sympathoblasts
CBX6	NonCycling_sympathoblasts
SNHG19	NonCycling_sympathoblasts
HOXB2	NonCycling_sympathoblasts
LETMD1	NonCycling_sympathoblasts
KCTD17	NonCycling_sympathoblasts
NDN	NonCycling_sympathoblasts
TM2D1	NonCycling_sympathoblasts
SNCA	NonCycling_sympathoblasts
CHCHD5	NonCycling_sympathoblasts
RAB22A	NonCycling_sympathoblasts
KTN1	NonCycling_sympathoblasts
CNIH1	NonCycling_sympathoblasts
CTSL	NonCycling_sympathoblasts
TXN	NonCycling_sympathoblasts
TMEM9B	NonCycling_sympathoblasts
VAMP3	NonCycling_sympathoblasts
CISD3	NonCycling_sympathoblasts
NME4	NonCycling_sympathoblasts
DPP6	NonCycling_sympathoblasts
NDUFB8	NonCycling_sympathoblasts
SYT4	NonCycling_sympathoblasts
NDUFAF3	NonCycling_sympathoblasts
AC090498.1	NonCycling_sympathoblasts
BAALC	NonCycling_sympathoblasts
OCIAD1	NonCycling_sympathoblasts
JKAMP	NonCycling_sympathoblasts
STXBP1	NonCycling_sympathoblasts
C17orf89	NonCycling_sympathoblasts
DNAJB11	NonCycling_sympathoblasts
TSPAN3	NonCycling_sympathoblasts
NDUFB5	NonCycling_sympathoblasts
ELOVL4	NonCycling_sympathoblasts
NDUFA13	NonCycling_sympathoblasts
LAMTOR4	NonCycling_sympathoblasts
NPTN	NonCycling_sympathoblasts
TMCO1	NonCycling_sympathoblasts
MICU2	NonCycling_sympathoblasts
ETS2	NonCycling_sympathoblasts
IDS	NonCycling_sympathoblasts
TMBIM4	NonCycling_sympathoblasts
LINC00493	NonCycling_sympathoblasts
RGS4	NonCycling_sympathoblasts
GPX7	NonCycling_sympathoblasts
PPIB	NonCycling_sympathoblasts
ATP1B1	NonCycling_sympathoblasts
ENSA	NonCycling_sympathoblasts
SMIM7	NonCycling_sympathoblasts
EFNB3	NonCycling_sympathoblasts
HEBP2	NonCycling_sympathoblasts
IFT27	NonCycling_sympathoblasts
BCAP29	NonCycling_sympathoblasts
STC1	NonCycling_sympathoblasts
S100A6	NonCycling_sympathoblasts
ABHD14A	NonCycling_sympathoblasts
NAP1L5	NonCycling_sympathoblasts
IER3IP1	NonCycling_sympathoblasts
DPCD	NonCycling_sympathoblasts
BSG	NonCycling_sympathoblasts
SLC3A2	NonCycling_sympathoblasts
JAGN1	NonCycling_sympathoblasts
NAT14	NonCycling_sympathoblasts
TMEM141	NonCycling_sympathoblasts
SURF4	NonCycling_sympathoblasts
LAMTOR5	NonCycling_sympathoblasts
TCEAL2	NonCycling_sympathoblasts
MANF	NonCycling_sympathoblasts
MRPL17	NonCycling_sympathoblasts
TMEM208	NonCycling_sympathoblasts
ANKRD37	NonCycling_sympathoblasts
TCEAL3	NonCycling_sympathoblasts
MIDN	NonCycling_sympathoblasts
ATP6AP1	NonCycling_sympathoblasts
ATP6AP2	NonCycling_sympathoblasts
SNHG23	NonCycling_sympathoblasts
NAA20	NonCycling_sympathoblasts
MAP3K13	NonCycling_sympathoblasts
GNG5	NonCycling_sympathoblasts
RSL24D1	NonCycling_sympathoblasts
NUCB2	NonCycling_sympathoblasts
ZSCAN16-AS1	NonCycling_sympathoblasts
C19orf70	NonCycling_sympathoblasts
FAM131A	NonCycling_sympathoblasts
NDRG4	NonCycling_sympathoblasts
PYURF	NonCycling_sympathoblasts
PPIE	NonCycling_sympathoblasts
TERF2IP	NonCycling_sympathoblasts
SRPRB	NonCycling_sympathoblasts
RARA	NonCycling_sympathoblasts
EGR1	NonCycling_sympathoblasts
GINM1	NonCycling_sympathoblasts
XBP1	NonCycling_sympathoblasts
C5orf15	NonCycling_sympathoblasts
CYB5D2	NonCycling_sympathoblasts
KHDRBS3	NonCycling_sympathoblasts
CAMTA1	NonCycling_sympathoblasts
WBSCR22	NonCycling_sympathoblasts
DAD1	NonCycling_sympathoblasts
TCEAL1	NonCycling_sympathoblasts
FAM174A	NonCycling_sympathoblasts
TCEAL7	NonCycling_sympathoblasts
SVIP	NonCycling_sympathoblasts
CCNL1	NonCycling_sympathoblasts
DPH5	NonCycling_sympathoblasts
SELT	NonCycling_sympathoblasts
ZNRD1	NonCycling_sympathoblasts
CD46	NonCycling_sympathoblasts
SNHG15	NonCycling_sympathoblasts
TMED3	NonCycling_sympathoblasts
LINC00998	NonCycling_sympathoblasts
A1BG	NonCycling_sympathoblasts
NBEAL1	NonCycling_sympathoblasts
OTUD6B-AS1	NonCycling_sympathoblasts
ATRAID	NonCycling_sympathoblasts
SEC13	NonCycling_sympathoblasts
CD200	NonCycling_sympathoblasts
POLR2I	NonCycling_sympathoblasts
TSTD1	NonCycling_sympathoblasts
PIGP	NonCycling_sympathoblasts
C7orf50	NonCycling_sympathoblasts
HIGD1A	NonCycling_sympathoblasts
PCOLCE	NonCycling_sympathoblasts
ANXA7	NonCycling_sympathoblasts
TMED4	NonCycling_sympathoblasts
DUSP1	NonCycling_sympathoblasts
CCDC28B	NonCycling_sympathoblasts
GCC2	NonCycling_sympathoblasts
SLC35B1	NonCycling_sympathoblasts
DPM3	NonCycling_sympathoblasts
TXNL4A	NonCycling_sympathoblasts
CD81	NonCycling_sympathoblasts
CAMK2N1	NonCycling_sympathoblasts
SYCE1L	NonCycling_sympathoblasts
SLC2A1	NonCycling_sympathoblasts
C1QTNF4	NonCycling_sympathoblasts
MORN4	NonCycling_sympathoblasts
PCGF2	NonCycling_sympathoblasts
ORMDL2	NonCycling_sympathoblasts
SH3BGRL	NonCycling_sympathoblasts
CALY	NonCycling_sympathoblasts
SQSTM1	NonCycling_sympathoblasts
EIF4A3	NonCycling_sympathoblasts
SON	NonCycling_sympathoblasts
COPZ1	NonCycling_sympathoblasts
BCAS2	NonCycling_sympathoblasts
EIF2A	NonCycling_sympathoblasts
VAT1L	NonCycling_sympathoblasts
JUND	NonCycling_sympathoblasts
CSTB	NonCycling_sympathoblasts
MRPS36	NonCycling_sympathoblasts
RBMS1	NonCycling_sympathoblasts
CHMP5	NonCycling_sympathoblasts
HLA-A	NonCycling_sympathoblasts
HSP90B1	NonCycling_sympathoblasts
NDUFA5	NonCycling_sympathoblasts
CCDC85B	NonCycling_sympathoblasts
HIST1H2BJ	Cycling_sympathoblasts
TMEM54	Cycling_sympathoblasts
PENK	Cycling_sympathoblasts
SPC25	Cycling_sympathoblasts
RRM2	Cycling_sympathoblasts
ZWINT	Cycling_sympathoblasts
PNMT	Cycling_sympathoblasts
PHF19	Cycling_sympathoblasts
CDK1	Cycling_sympathoblasts
PBK	Cycling_sympathoblasts
CENPW	Cycling_sympathoblasts
FAM111B	Cycling_sympathoblasts
TYMS	Cycling_sympathoblasts
CARTPT	Cycling_sympathoblasts
CDKN3	Cycling_sympathoblasts
TEX30	Cycling_sympathoblasts
NUSAP1	Cycling_sympathoblasts
UBE2C	Cycling_sympathoblasts
CDCA3	Cycling_sympathoblasts
INSM1	Cycling_sympathoblasts
HIST1H1C	Cycling_sympathoblasts
LYN	Cycling_sympathoblasts
MXD3	Cycling_sympathoblasts
CENPM	Cycling_sympathoblasts
NPAS4	Cycling_sympathoblasts
C1QL1	Cycling_sympathoblasts
SAMD5	Cycling_sympathoblasts
NUCB2	Cycling_sympathoblasts
AURKB	Cycling_sympathoblasts
KIAA0101	Cycling_sympathoblasts
TGFBR3L	Cycling_sympathoblasts
ZDHHC12	Cycling_sympathoblasts
H2AFZ	Cycling_sympathoblasts
NUF2	Cycling_sympathoblasts
PPP1R1B	Cycling_sympathoblasts
BIRC5	Cycling_sympathoblasts
ENDOG	Cycling_sympathoblasts
SPAG5	Cycling_sympathoblasts
ITGB3BP	Cycling_sympathoblasts
CRNDE	Cycling_sympathoblasts
UBE2S	Cycling_sympathoblasts
MKI67	Cycling_sympathoblasts
HIST2H2BE	Cycling_sympathoblasts
TK1	Cycling_sympathoblasts
PTTG1	Cycling_sympathoblasts
CHGA	Cycling_sympathoblasts
CEP55	Cycling_sympathoblasts
PTN	Cycling_sympathoblasts
TOP2A	Cycling_sympathoblasts
CENPH	Cycling_sympathoblasts
CKLF	Cycling_sympathoblasts
FKBP5	Cycling_sympathoblasts
DGKK	Cycling_sympathoblasts
PAM	Cycling_sympathoblasts
ZDHHC20	Cycling_sympathoblasts
CENPF	Cycling_sympathoblasts
HMGN2	Cycling_sympathoblasts
SCG2	Cycling_sympathoblasts
TMEM107	Cycling_sympathoblasts
CENPK	Cycling_sympathoblasts
CCNA2	Cycling_sympathoblasts
TPX2	Cycling_sympathoblasts
RTKN2	Cycling_sympathoblasts
TDRD9	Cycling_sympathoblasts
SPOCK3	Cycling_sympathoblasts
METTL7A	Cycling_sympathoblasts
NMU	Cycling_sympathoblasts
HMGB2	Cycling_sympathoblasts
NUP153	Cycling_sympathoblasts
POC1A	Cycling_sympathoblasts
FAM46A	Cycling_sympathoblasts
LAMA3	Cycling_sympathoblasts
CENPN	Cycling_sympathoblasts
TMEM106C	Cycling_sympathoblasts
TUBB4B	Cycling_sympathoblasts
GGH	Cycling_sympathoblasts
H2AFV	Cycling_sympathoblasts
DLK1	Cycling_sympathoblasts
CCNB1	Cycling_sympathoblasts
BRI3BP	Cycling_sympathoblasts
UBE2T	Cycling_sympathoblasts
ANLN	Cycling_sympathoblasts
CDCA5	Cycling_sympathoblasts
IL13RA2	Cycling_sympathoblasts
GMNN	Cycling_sympathoblasts
TUBG1	Cycling_sympathoblasts
GHRH	Cycling_sympathoblasts
CDKN1A	Cycling_sympathoblasts
RAMP1	Cycling_sympathoblasts
RRM1	Cycling_sympathoblasts
FNDC3A	Cycling_sympathoblasts
FAM111A	Cycling_sympathoblasts
DLGAP5	Cycling_sympathoblasts
PRC1	Cycling_sympathoblasts
SVIP	Cycling_sympathoblasts
MAD2L1	Cycling_sympathoblasts
SNHG23	Cycling_sympathoblasts
ATAD2	Cycling_sympathoblasts
PSMC3IP	Cycling_sympathoblasts
ODF2	Cycling_sympathoblasts
C18orf42	Cycling_sympathoblasts
FEN1	Cycling_sympathoblasts
NPTX2	Cycling_sympathoblasts
CRYBA2	Cycling_sympathoblasts
SMC4	Cycling_sympathoblasts
DPY19L3	Cycling_sympathoblasts
SYCE1L	Cycling_sympathoblasts
SHCBP1	Cycling_sympathoblasts
MRAP2	Cycling_sympathoblasts
NCAPG2	Cycling_sympathoblasts
DHFR	Cycling_sympathoblasts
KNSTRN	Cycling_sympathoblasts
WDR34	Cycling_sympathoblasts
C2orf40	Cycling_sympathoblasts
CLSPN	Cycling_sympathoblasts
NPTN	Cycling_sympathoblasts
ROBO1	Cycling_sympathoblasts
CFAP61	Cycling_sympathoblasts
KIF20B	Cycling_sympathoblasts
H2AFX	Cycling_sympathoblasts
HMMR	Cycling_sympathoblasts
IFT22	Cycling_sympathoblasts
RNASEH2A	Cycling_sympathoblasts
ZNF367	Cycling_sympathoblasts
DNAJC9	Cycling_sympathoblasts
OIP5	Cycling_sympathoblasts
TRAF3IP2	Cycling_sympathoblasts
TRIP13	Cycling_sympathoblasts
APITD1	Cycling_sympathoblasts
DUT	Cycling_sympathoblasts
FANCI	Cycling_sympathoblasts
DEPDC1B	Cycling_sympathoblasts
COQ2	Cycling_sympathoblasts
GTSE1	Cycling_sympathoblasts
PCNA	Cycling_sympathoblasts
KIAA1524	Cycling_sympathoblasts
SYT4	Cycling_sympathoblasts
CCDC34	Cycling_sympathoblasts
SLC24A2	Cycling_sympathoblasts
ERO1A	Cycling_sympathoblasts
AURKA	Cycling_sympathoblasts
XPO1	Cycling_sympathoblasts
SAP30	Cycling_sympathoblasts
TH	Cycling_sympathoblasts
HMGN5	Cycling_sympathoblasts
KCNQ2	Cycling_sympathoblasts
CDC25C	Cycling_sympathoblasts
USP1	Cycling_sympathoblasts
SPATA33	Cycling_sympathoblasts
RAD51AP1	Cycling_sympathoblasts
SPDL1	Cycling_sympathoblasts
CENPA	Cycling_sympathoblasts
DOK5	Cycling_sympathoblasts
P4HTM	Cycling_sympathoblasts
HJURP	Cycling_sympathoblasts
TMEM60	Cycling_sympathoblasts
NEK2	Cycling_sympathoblasts
ZDBF2	Cycling_sympathoblasts
LMF2	Cycling_sympathoblasts
ALYREF	Cycling_sympathoblasts
TIMELESS	Cycling_sympathoblasts
SPCS3	Cycling_sympathoblasts
HSPA6	Cycling_sympathoblasts
PIGX	Cycling_sympathoblasts
CDH7	Cycling_sympathoblasts
FAM162B	Cycling_sympathoblasts
TUBA1B	Cycling_sympathoblasts
KIFC1	Cycling_sympathoblasts
BARD1	Cycling_sympathoblasts
GMPPB	Cycling_sympathoblasts
RAB27A	Cycling_sympathoblasts
AL132709.8	Cycling_sympathoblasts
ARHGAP11A	Cycling_sympathoblasts
TACC3	Cycling_sympathoblasts
CENPE	Cycling_sympathoblasts
MND1	Cycling_sympathoblasts
TMEM109	Cycling_sympathoblasts
E2F1	Cycling_sympathoblasts
DDX39A	Cycling_sympathoblasts
ASF1B	Cycling_sympathoblasts
HINT1	Cycling_sympathoblasts
CCDC74B	Cycling_sympathoblasts
NT5DC2	Cycling_sympathoblasts
CNIH2	Cycling_sympathoblasts
ADM	Cycling_sympathoblasts
PARD6A	Cycling_sympathoblasts
COMMD4	Cycling_sympathoblasts
KPNA2	Cycling_sympathoblasts
FAM155A	Cycling_sympathoblasts
ADGRA1	Cycling_sympathoblasts
TCF19	Cycling_sympathoblasts
SMIM1	Cycling_sympathoblasts
FAM64A	Cycling_sympathoblasts
BTG3	Cycling_sympathoblasts
CHRAC1	Cycling_sympathoblasts
CYSTM1	Cycling_sympathoblasts
CDC45	Cycling_sympathoblasts
ARFGEF3	Cycling_sympathoblasts
DTL	Cycling_sympathoblasts
ANP32E	Cycling_sympathoblasts
ECT2	Cycling_sympathoblasts
CASP2	Cycling_sympathoblasts
RHEB	Cycling_sympathoblasts
CMC2	Cycling_sympathoblasts
ARHGEF3	Cycling_sympathoblasts
SIVA1	Cycling_sympathoblasts
NCAPD3	Cycling_sympathoblasts
AMOTL1	Cycling_sympathoblasts
CCNB2	Cycling_sympathoblasts
MAD2L2	Cycling_sympathoblasts
CDCA8	Cycling_sympathoblasts
CKS1B	Cycling_sympathoblasts
KIF4A	Cycling_sympathoblasts
CKS2	Cycling_sympathoblasts
ANKRD29	Cycling_sympathoblasts
CCDC74A	Cycling_sympathoblasts
B4GALT4	Cycling_sympathoblasts
CCP110	Cycling_sympathoblasts
SKA2	Cycling_sympathoblasts
NLRP1	Cycling_sympathoblasts
GGCT	Cycling_sympathoblasts
CHGB	Cycling_sympathoblasts
B9D1	Cycling_sympathoblasts
RFC3	Cycling_sympathoblasts
FOXM1	Cycling_sympathoblasts
AAED1	Cycling_sympathoblasts
CLOCK	Cycling_sympathoblasts
PDCD5	Cycling_sympathoblasts
SLC29A1	Cycling_sympathoblasts
KIF22	Cycling_sympathoblasts
HIF3A	Cycling_sympathoblasts
TIAM1	Cycling_sympathoblasts
PARPBP	Cycling_sympathoblasts
HIST1H4C	Cycling_sympathoblasts
IFI6	Cycling_sympathoblasts
SLC18A1	Cycling_sympathoblasts
DCPS	Cycling_sympathoblasts
ACYP1	Cycling_sympathoblasts
NUP155	Cycling_sympathoblasts
SAPCD2	Cycling_sympathoblasts
HTATSF1	Cycling_sympathoblasts
RAD51C	Cycling_sympathoblasts
SUCO	Cycling_sympathoblasts
GULP1	Cycling_sympathoblasts
C2CD4A	Cycling_sympathoblasts
LSM8	Cycling_sympathoblasts
CNIH4	Cycling_sympathoblasts
PANK2	Cycling_sympathoblasts
HAT1	Cycling_sympathoblasts
EZH2	Cycling_sympathoblasts
SAE1	Cycling_sympathoblasts
C19orf48	Cycling_sympathoblasts
SKA3	Cycling_sympathoblasts
GPNMB	Cycling_sympathoblasts
ST18	Cycling_sympathoblasts
DUSP2	Cycling_sympathoblasts
IMPA2	Cycling_sympathoblasts
CDCA4	Cycling_sympathoblasts
CKAP5	Cycling_sympathoblasts
HSPA4L	Cycling_sympathoblasts
SLC43A3	Cycling_sympathoblasts
PGP	Cycling_sympathoblasts
LIN7B	Cycling_sympathoblasts
HACD3	Cycling_sympathoblasts
TUSC3	Cycling_sympathoblasts
MZT1	Cycling_sympathoblasts
SGPL1	Cycling_sympathoblasts
HADH	Cycling_sympathoblasts
SGOL1	Cycling_sympathoblasts
KISS1R	Cycling_sympathoblasts
NRGN	Cycling_sympathoblasts
RAP2A	Cycling_sympathoblasts
CDC20	Cycling_sympathoblasts
SGOL2	Cycling_sympathoblasts
C2orf69	Cycling_sympathoblasts
NEBL	Cycling_sympathoblasts
KIF11	Cycling_sympathoblasts
CDC27	Cycling_sympathoblasts
HIST1H1B	Cycling_sympathoblasts
PHGDH	Cycling_sympathoblasts
ARHGAP11B	Cycling_sympathoblasts
VAT1L	Cycling_sympathoblasts
GINS2	Cycling_sympathoblasts
KIF20A	Cycling_sympathoblasts
CISD3	Cycling_sympathoblasts
NUP188	Cycling_sympathoblasts
C21orf58	Cycling_sympathoblasts
UNK	Cycling_sympathoblasts
BAG3	Cycling_sympathoblasts
CEP152	Cycling_sympathoblasts
TMEM245	Cycling_sympathoblasts
ALG13	Cycling_sympathoblasts
SMCO4	Cycling_sympathoblasts
LSAMP	Cycling_sympathoblasts
MCM10	Cycling_sympathoblasts
ARC	Cycling_sympathoblasts
CKAP2	Cycling_sympathoblasts
FAM122B	Cycling_sympathoblasts
RANBP1	Cycling_sympathoblasts
KLF13	Cycling_sympathoblasts
BUB1	Cycling_sympathoblasts
PKMYT1	Cycling_sympathoblasts
MCM4	Cycling_sympathoblasts
C15orf61	Cycling_sympathoblasts
PER1	Cycling_sympathoblasts
DNMT1	Cycling_sympathoblasts
HINT2	Cycling_sympathoblasts
RNF4	Cycling_sympathoblasts
C14orf142	Cycling_sympathoblasts
GNPDA2	Cycling_sympathoblasts
PLD3	Cycling_sympathoblasts
ELP5	Cycling_sympathoblasts
STRA6	Cycling_sympathoblasts
SNRNP25	Cycling_sympathoblasts
CLGN	Cycling_sympathoblasts
PCDH9	Cycling_sympathoblasts
PSPH	Cycling_sympathoblasts
DLEU2	Cycling_sympathoblasts
MAGOHB	Cycling_sympathoblasts
LKAAEAR1	Cycling_sympathoblasts
PSRC1	Cycling_sympathoblasts
CEP57L1	Cycling_sympathoblasts
ARL2	Cycling_sympathoblasts
LMNA	Cycling_sympathoblasts
KATNAL1	Cycling_sympathoblasts
CNTN1	Cycling_sympathoblasts
ICMT	Cycling_sympathoblasts
SAR1B	Cycling_sympathoblasts
FBXO5	Cycling_sympathoblasts
CDKN2C	Cycling_sympathoblasts
CARD8	Cycling_sympathoblasts
HPRT1	Cycling_sympathoblasts
OGFOD3	Cycling_sympathoblasts
C12orf29	Cycling_sympathoblasts
FOSL2	Cycling_sympathoblasts
PRR11	Cycling_sympathoblasts
ANAPC11	Cycling_sympathoblasts
NUP58	Cycling_sympathoblasts
MAT2A	Cycling_sympathoblasts
NR2C2	Cycling_sympathoblasts
TROAP	Cycling_sympathoblasts
HSPB11	Cycling_sympathoblasts
TIMM10	Cycling_sympathoblasts
HIST1H2BG	Cycling_sympathoblasts
PRTFDC1	Cycling_sympathoblasts
NCAPG	Cycling_sympathoblasts
FANCL	Cycling_sympathoblasts
PKNOX1	Cycling_sympathoblasts
COX8A	Cycling_sympathoblasts
BUB1B	Cycling_sympathoblasts
CPEB4	Cycling_sympathoblasts
SNRPG	Cycling_sympathoblasts
SPC24	Cycling_sympathoblasts
CCDC18	Cycling_sympathoblasts
CDC25B	Cycling_sympathoblasts
TECR	Cycling_sympathoblasts
ADIPOR1	Cycling_sympathoblasts
VGF	Cycling_sympathoblasts
C19orf81	Cycling_sympathoblasts
HIST1H2AC	Cycling_sympathoblasts
PARP2	Cycling_sympathoblasts
GPN3	Cycling_sympathoblasts
CADM2	Cycling_sympathoblasts
SKP2	Cycling_sympathoblasts
SMC1A	Cycling_sympathoblasts
MAP9	Cycling_sympathoblasts
HIST3H2A	Cycling_sympathoblasts
SLC2A3	Cycling_sympathoblasts
CETN3	Cycling_sympathoblasts
IER5L	Cycling_sympathoblasts
UBR7	Cycling_sympathoblasts
PERP	Cycling_sympathoblasts
MGAT4C	Cycling_sympathoblasts
CD81	Cycling_sympathoblasts
LRPAP1	Cycling_sympathoblasts
JUND	Cycling_sympathoblasts
C1QTNF4	Cycling_sympathoblasts
IGSF1	Cycling_sympathoblasts
NR3C1	Cycling_sympathoblasts
GINM1	Cycling_sympathoblasts
COPRS	Cycling_sympathoblasts
WEE1	Cycling_sympathoblasts
ABCC5	Cycling_sympathoblasts
TPM1	Cycling_sympathoblasts
HIST1H2BH	Cycling_sympathoblasts
TMEM19	Cycling_sympathoblasts
SNRPB	Cycling_sympathoblasts
SDF2L1	Cycling_sympathoblasts
SCLT1	Cycling_sympathoblasts
JOSD2	Cycling_sympathoblasts
SLC20A1	Cycling_sympathoblasts
AGO2	Cycling_sympathoblasts
RAD21	Cycling_sympathoblasts
RFC2	Cycling_sympathoblasts
WDR54	Cycling_sympathoblasts
TMEM18	Cycling_sympathoblasts
LMNB2	Cycling_sympathoblasts
FMR1	Cycling_sympathoblasts
RACGAP1	Cycling_sympathoblasts
MESP1	Cycling_sympathoblasts
UQCC2	Cycling_sympathoblasts
FLRT3	Cycling_sympathoblasts
HMGN3	Cycling_sympathoblasts
CDT1	Cycling_sympathoblasts
ABHD5	Cycling_sympathoblasts
PRADC1	Cycling_sympathoblasts
SOBP	Cycling_sympathoblasts
NENF	Cycling_sympathoblasts
HSPA1B	Cycling_sympathoblasts
MCM8	Cycling_sympathoblasts
ING3	Cycling_sympathoblasts
FZR1	Cycling_sympathoblasts
CXXC5	Cycling_sympathoblasts
BCAM	Cycling_sympathoblasts
ARL6IP6	Cycling_sympathoblasts
BTG2	Cycling_sympathoblasts
LINC00116	Cycling_sympathoblasts
ACTL6A	Cycling_sympathoblasts
RCN1	Cycling_sympathoblasts
MCM7	Cycling_sympathoblasts
PCNT	Cycling_sympathoblasts
HAGH	Cycling_sympathoblasts
FANCD2	Cycling_sympathoblasts
PXMP2	Cycling_sympathoblasts
COX17	Cycling_sympathoblasts
CASC5	Cycling_sympathoblasts
NPW	Cycling_sympathoblasts
GNG5	Cycling_sympathoblasts
MBNL3	Cycling_sympathoblasts
F10	Cycling_sympathoblasts
MROH8	Cycling_sympathoblasts
HELLS	Cycling_sympathoblasts
SOGA1	Cycling_sympathoblasts
TACC1	Cycling_sympathoblasts
HP1BP3	Cycling_sympathoblasts
ENSA	Cycling_sympathoblasts
SUN2	Cycling_sympathoblasts
RAB3IP	Cycling_sympathoblasts
ASPM	Cycling_sympathoblasts
SLC35D3	Cycling_sympathoblasts
ARL4D	Cycling_sympathoblasts
PCSK1N	Cycling_sympathoblasts
STRA13	Cycling_sympathoblasts
THOC6	Cycling_sympathoblasts
TMEM99	Cycling_sympathoblasts
SST	Cycling_sympathoblasts
RABIF	Cycling_sympathoblasts
GNG4	Cycling_sympathoblasts
PAXBP1	Cycling_sympathoblasts
PPP2R5C	Cycling_sympathoblasts
MAD2L1BP	Cycling_sympathoblasts
WHSC1	Cycling_sympathoblasts
HIPK3	Cycling_sympathoblasts
MIDN	Cycling_sympathoblasts
CENPU	Cycling_sympathoblasts
CD2BP2	Cycling_sympathoblasts
CACUL1	Cycling_sympathoblasts
NDUFB1	Cycling_sympathoblasts
DEK	Cycling_sympathoblasts
CEP44	Cycling_sympathoblasts
RNASEH2B	Cycling_sympathoblasts
TMEM165	Cycling_sympathoblasts
VKORC1	Cycling_sympathoblasts
KPNB1	Cycling_sympathoblasts
EMD	Cycling_sympathoblasts
AP2A2	Cycling_sympathoblasts
GOLIM4	Cycling_sympathoblasts
GCH1	Cycling_sympathoblasts
DLEU1	Cycling_sympathoblasts
STXBP1	Cycling_sympathoblasts
PTGER3	Cycling_sympathoblasts
ATP6V1B2	Cycling_sympathoblasts
CLIC4	Cycling_sympathoblasts
DSN1	Cycling_sympathoblasts
TSPYL2	Cycling_sympathoblasts
GNAI2	Cycling_sympathoblasts
CDK4	Cycling_sympathoblasts
ZCRB1	Cycling_sympathoblasts
TMBIM4	Cycling_sympathoblasts
SLF2	Cycling_sympathoblasts
APOLD1	Cycling_sympathoblasts
TXNDC12	Cycling_sympathoblasts
PLGRKT	Cycling_sympathoblasts
SYT5	Cycling_sympathoblasts
EMC7	Cycling_sympathoblasts
DKK3	Cycling_sympathoblasts
H1FX	Cycling_sympathoblasts
ANKRD10	Cycling_sympathoblasts
RNASEH2C	Cycling_sympathoblasts
PGRMC2	Cycling_sympathoblasts
STX16	Cycling_sympathoblasts
PTPRN2	Cycling_sympathoblasts
CACNA2D1	Cycling_sympathoblasts
CBX5	Cycling_sympathoblasts
SLC35G2	Cycling_sympathoblasts
MCFD2	Cycling_sympathoblasts
BAIAP2	Cycling_sympathoblasts
SLC31A1	Cycling_sympathoblasts
APPL1	Cycling_sympathoblasts
LSM4	Cycling_sympathoblasts
STARD3	Cycling_sympathoblasts
MTHFD2	Cycling_sympathoblasts
MYBL2	Cycling_sympathoblasts
MZT2A	Cycling_sympathoblasts
BAX	Cycling_sympathoblasts
TMEM9B	Cycling_sympathoblasts
PTPMT1	Cycling_sympathoblasts
ARL13B	Cycling_sympathoblasts
PCGF2	Cycling_sympathoblasts
SMC2	Cycling_sympathoblasts
UBXN11	Cycling_sympathoblasts
TAF15	Cycling_sympathoblasts
FGD5-AS1	Cycling_sympathoblasts
PLSCR1	Cycling_sympathoblasts
CDK10	Cycling_sympathoblasts
PLP2	Cycling_sympathoblasts
SORT1	Cycling_sympathoblasts
ABAT	Cycling_sympathoblasts
GSTT2B	Cycling_sympathoblasts
NDRG4	Cycling_sympathoblasts
FAM104A	Cycling_sympathoblasts
ARPC5L	Cycling_sympathoblasts
PTPRN	Cycling_sympathoblasts
UFD1L	Cycling_sympathoblasts
MAGOH	Cycling_sympathoblasts
CCDC14	Cycling_sympathoblasts
POLR3K	Cycling_sympathoblasts
GEM	Cycling_sympathoblasts
DNAJB1	Cycling_sympathoblasts
KRT10	Cycling_sympathoblasts
TUBA1C	Cycling_sympathoblasts
